ranking,global_ranking,school_name,country,area,subject_score,global_score,enrollment,url
1,23,Tsinghua University,China,Beijing,100.0,81.3,N/A,https://www.usnews.com/education/best-global-universities/tsinghua-university-503146
2,342,Wuhan University of Technology,China,Wuhan,98.6,56.4,"55,426",https://www.usnews.com/education/best-global-universities/wuhan-university-of-technology-506361
3,168,Hunan University,China,Changsha,98.0,65.3,"41,580",https://www.usnews.com/education/best-global-universities/hunan-university-505375
4,112,"University of Chinese Academy of Sciences, CAS",China,Beijing,91.2,69.0,N/A,https://www.usnews.com/education/best-global-universities/university-of-chinese-academy-of-sciences-cas-529679
5,844,Jiangsu University,China,Zhenjiang,90.7,42.2,"35,687",https://www.usnews.com/education/best-global-universities/jiangsu-university-501438
6,196,Harbin Institute of Technology,China,Harbin,90.6,63.2,N/A,https://www.usnews.com/education/best-global-universities/harbin-institute-of-technology-505604
7,30,Nanyang Technological University,Singapore,Singapore,90.6,79.0,"24,651",https://www.usnews.com/education/best-global-universities/nanyang-technological-university-503366
8,311,Soochow University - China,China,Suzhou,89.9,57.9,"49,131",https://www.usnews.com/education/best-global-universities/soochow-university-china-506714
9,219,South China University of Technology,China,Guangzhou,89.0,61.9,"40,082",https://www.usnews.com/education/best-global-universities/south-china-university-of-technology-505115
10,65,King Abdulaziz University,Saudi Arabia,Jeddah,88.2,73.4,N/A,https://www.usnews.com/education/best-global-universities/king-abdulaziz-university-501597
11,26,National University of Singapore,Singapore,Singapore,87.5,80.4,"32,337",https://www.usnews.com/education/best-global-universities/national-university-of-singapore-505009
12,209,Central South University,China,Changsha,86.4,62.5,"56,344",https://www.usnews.com/education/best-global-universities/central-south-university-501467
13,512,China University of Petroleum,China,Qingdao,86.3,50.7,N/A,https://www.usnews.com/education/best-global-universities/china-university-of-petroleum-500186
14,260,Tianjin University,China,Tianjin,86.2,60.2,N/A,https://www.usnews.com/education/best-global-universities/tianjin-university-503557
15,93,Zhejiang University,China,Hangzhou,86.1,70.7,"44,636",https://www.usnews.com/education/best-global-universities/zhejiang-university-504773
16,219,Xi'an Jiaotong University,China,Xi'an,85.3,61.9,"44,942",https://www.usnews.com/education/best-global-universities/xian-jiaotong-university-503987
17,102,"University of Science & Technology of China, CAS",China,Hefei,84.6,70.1,"18,573",https://www.usnews.com/education/best-global-universities/university-of-science-technology-of-china-cas-505547
18,89,Shanghai Jiao Tong University,China,Shanghai,84.0,71.3,"37,478",https://www.usnews.com/education/best-global-universities/shanghai-jiao-tong-university-501915
19,739,North China Electric Power University,China,Beijing,83.8,44.6,N/A,https://www.usnews.com/education/best-global-universities/north-china-electric-power-university-528965
20,69,Ecole Polytechnique Federale de Lausanne,Switzerland,Lausanne,83.2,73.2,"11,641",https://www.usnews.com/education/best-global-universities/ecole-polytechnique-federale-de-lausanne-501629
21,109,Huazhong University of Science & Technology,China,Wuhan,83.1,69.1,"57,167",https://www.usnews.com/education/best-global-universities/huazhong-university-of-science-technology-505190
22,385,Zhengzhou University,China,Zhengzhou,82.5,54.9,N/A,https://www.usnews.com/education/best-global-universities/zhengzhou-university-502623
23,13,Imperial College London,United Kingdom,London (U.K.),82.3,84.3,"18,455",https://www.usnews.com/education/best-global-universities/imperial-college-london-505571
24,379,Chongqing University,China,Chongqing,81.9,55.0,"40,696",https://www.usnews.com/education/best-global-universities/chongqing-university-505768
25,570,China University of Mining & Technology,China,Xuzhou,81.6,49.1,N/A,https://www.usnews.com/education/best-global-universities/china-university-of-mining-technology-529045
26,531,Fuzhou University,China,Fuzhou,81.0,50.2,"39,987",https://www.usnews.com/education/best-global-universities/fuzhou-university-528832
27,123,Nanjing University,China,Nanjing,80.7,68.2,"36,426",https://www.usnews.com/education/best-global-universities/nanjing-university-503849
28,196,Tongji University,China,Shanghai,80.6,63.2,"30,153",https://www.usnews.com/education/best-global-universities/tongji-university-501326
29,392,Dalian University of Technology,China,Dalian,80.2,54.7,N/A,https://www.usnews.com/education/best-global-universities/dalian-university-of-technology-500236
30,2,Massachusetts Institute of Technology (MIT),United States,Cambridge (U.S.),80.0,97.7,"11,415",https://www.usnews.com/education/best-global-universities/massachusetts-institute-of-technology-mit-166683
31,271,Shenzhen University,China,Shenzhen,79.9,59.6,"38,240",https://www.usnews.com/education/best-global-universities/shenzhen-university-529041
32,51,Georgia Institute of Technology,United States,Atlanta,79.4,74.9,N/A,https://www.usnews.com/education/best-global-universities/georgia-institute-of-technology-139755
33,653,Guangdong University of Technology,China,Guangzhou,79.0,46.8,"46,040",https://www.usnews.com/education/best-global-universities/guangdong-university-of-technology-529270
34,304,Sichuan University,China,Chengdu,78.7,58.1,"49,543",https://www.usnews.com/education/best-global-universities/sichuan-university-506145
35,282,China University of Geosciences,China,Wuhan,78.3,59.1,N/A,https://www.usnews.com/education/best-global-universities/china-university-of-geosciences-506930
36,298,Beijing Institute of Technology,China,Beijing,77.3,58.4,N/A,https://www.usnews.com/education/best-global-universities/beijing-institute-of-technology-504704
37,643,East China University of Science & Technology,China,Shanghai,76.9,47.1,"28,718",https://www.usnews.com/education/best-global-universities/east-china-university-of-science-technology-505997
38,95,King Abdullah University of Science & Technology,Saudi Arabia,Thuwal,76.7,70.6,N/A,https://www.usnews.com/education/best-global-universities/king-abdullah-university-of-science-technology-510489
39,673,Zhejiang University of Technology,China,Hangzhou,76.1,46.4,N/A,https://www.usnews.com/education/best-global-universities/zhejiang-university-of-technology-529071
40,421,Beijing University of Chemical Technology,China,Beijing,75.7,53.9,N/A,https://www.usnews.com/education/best-global-universities/beijing-university-of-chemical-technology-501098
41,618,Nanjing Tech University,China,Nanjing,75.7,47.9,"38,866",https://www.usnews.com/education/best-global-universities/nanjing-tech-university-501774
42,129,Sun Yat Sen University,China,Guangzhou,75.6,67.5,"58,208",https://www.usnews.com/education/best-global-universities/sun-yat-sen-university-506062
43,368,Shandong University,China,Jinan,75.5,55.4,N/A,https://www.usnews.com/education/best-global-universities/shandong-university-505166
44,120,City University of Hong Kong,Hong Kong,Kowloon,75.3,68.5,"9,099",https://www.usnews.com/education/best-global-universities/city-university-of-hong-kong-502667
45,160,Curtin University,Australia,Bentley,75.2,65.8,"29,999",https://www.usnews.com/education/best-global-universities/curtin-university-503377
46,394,Islamic Azad University,Iran,Tehran,74.7,54.6,N/A,https://www.usnews.com/education/best-global-universities/islamic-azad-university-528829
47,112,University of Technology Sydney,Australia,Ultimo,74.2,69.0,N/A,https://www.usnews.com/education/best-global-universities/university-of-technology-sydney-505153
48,37,Monash University,Australia,Clayton,73.5,77.0,"58,725",https://www.usnews.com/education/best-global-universities/monash-university-500301
49,39,Peking University,China,Beijing,73.4,76.8,"31,994",https://www.usnews.com/education/best-global-universities/peking-university-501148
50,150,Wuhan University,China,Wuhan,73.2,66.2,N/A,https://www.usnews.com/education/best-global-universities/wuhan-university-503252
51,213,Southern University of Science & Technology,China,Shenzhen,72.9,62.3,N/A,https://www.usnews.com/education/best-global-universities/southern-university-of-science-technology-529428
52,234,Southeast University - China,China,Nanjing,72.4,61.3,"37,491",https://www.usnews.com/education/best-global-universities/southeast-university-china-505648
53,688,Donghua University,China,Shanghai,72.2,46.0,"23,598",https://www.usnews.com/education/best-global-universities/donghua-university-500299
54,165,Technical University of Denmark,Denmark,Kongens Lyngby,72.2,65.5,"9,599",https://www.usnews.com/education/best-global-universities/technical-university-of-denmark-503016
55,377,Shandong University of Science & Technology,China,Qingdao,72.0,55.1,N/A,https://www.usnews.com/education/best-global-universities/shandong-university-of-science-technology-529480
56,50,KU Leuven,Belgium,Leuven,71.9,75.1,"47,663",https://www.usnews.com/education/best-global-universities/ku-leuven-504785
57,37,University of New South Wales Sydney,Australia,Kensington,71.9,77.0,"45,133",https://www.usnews.com/education/best-global-universities/university-of-new-south-wales-sydney-502434
58,247,Xiamen University,China,Xiamen,71.9,60.7,N/A,https://www.usnews.com/education/best-global-universities/xiamen-university-506410
59,256,Nankai University,China,Nankai,71.7,60.3,"31,322",https://www.usnews.com/education/best-global-universities/nankai-university-505981
60,441,Hanyang University,South Korea,Seoul,71.4,53.4,N/A,https://www.usnews.com/education/best-global-universities/hanyang-university-500484
61,5,University of Oxford,United Kingdom,Oxford,71.4,86.8,N/A,https://www.usnews.com/education/best-global-universities/university-of-oxford-503637
62,8,University of Cambridge,United Kingdom,Cambridge (U.K.),71.0,86.1,"20,385",https://www.usnews.com/education/best-global-universities/university-of-cambridge-502149
63,100,Hong Kong Polytechnic University,Hong Kong,Kowloon,70.5,70.2,"19,046",https://www.usnews.com/education/best-global-universities/hong-kong-polytechnic-university-500421
64,421,Jilin University,China,Changchun,70.3,53.9,N/A,https://www.usnews.com/education/best-global-universities/jilin-university-506709
65,213,King Saud University,Saudi Arabia,Riyadh,70.3,62.3,"33,931",https://www.usnews.com/education/best-global-universities/king-saud-university-503764
66,199,RWTH Aachen University,Germany,Aachen,70.2,63.0,"39,738",https://www.usnews.com/education/best-global-universities/rwth-aachen-university-506441
67,379,Universiti Teknologi Malaysia,Malaysia,Johor,70.2,55.0,"19,974",https://www.usnews.com/education/best-global-universities/universiti-teknologi-malaysia-528827
68,3,Stanford University,United States,Stanford,70.1,95.2,"16,164",https://www.usnews.com/education/best-global-universities/stanford-university-243744
69,253,Beihang University,China,Beijing,69.7,60.5,N/A,https://www.usnews.com/education/best-global-universities/beihang-university-502158
70,745,Nanchang University,China,Nanchang,69.5,44.5,N/A,https://www.usnews.com/education/best-global-universities/nanchang-university-529112
71,95,Hong Kong University of Science & Technology,Hong Kong,Hong Kong,69.4,70.6,"9,864",https://www.usnews.com/education/best-global-universities/hong-kong-university-of-science-technology-503260
72,116,Fudan University,China,Shanghai,69.3,68.8,N/A,https://www.usnews.com/education/best-global-universities/fudan-university-500824
73,421,Shanghai University,China,Shanghai,69.3,53.9,"37,499",https://www.usnews.com/education/best-global-universities/shanghai-university-504274
74,"1,060",Guangxi University,China,Nanning,69.0,37.4,N/A,https://www.usnews.com/education/best-global-universities/guangxi-university-529243
75,148,Texas A&M University College Station,United States,College Station,68.5,66.5,"62,931",https://www.usnews.com/education/best-global-universities/texas-am-university-college-station-228723
76,"1,072",Yangzhou University,China,Yangzhou,68.1,37.2,"31,066",https://www.usnews.com/education/best-global-universities/yangzhou-university-529253
77,29,ETH Zurich,Switzerland,Zurich,68.0,79.3,"21,209",https://www.usnews.com/education/best-global-universities/eth-zurich-502241
78,759,Nanjing Forestry University,China,Nanjing,68.0,44.2,N/A,https://www.usnews.com/education/best-global-universities/nanjing-forestry-university-529506
79,441,University of Science & Technology Beijing,China,Beijing,67.9,53.4,N/A,https://www.usnews.com/education/best-global-universities/university-of-science-technology-beijing-506176
80,551,Guangzhou University,China,Guangzhou,67.5,49.6,N/A,https://www.usnews.com/education/best-global-universities/guangzhou-university-529537
81,36,University of Queensland,Australia,Brisbane,67.4,77.2,"41,372",https://www.usnews.com/education/best-global-universities/university-of-queensland-500164
82,"1,489",Southwest Petroleum University,China,Chengdu,67.0,28.0,N/A,https://www.usnews.com/education/best-global-universities/southwest-petroleum-university-529461
83,333,Northwestern Polytechnical University,China,Xi'an,66.9,56.8,"34,095",https://www.usnews.com/education/best-global-universities/northwestern-polytechnical-university-504154
84,"1,327",Tiangong University,China,Tianjin,66.9,31.7,N/A,https://www.usnews.com/education/best-global-universities/tiangong-university-529130
85,290,Korea University,South Korea,Seoul,66.8,58.9,N/A,https://www.usnews.com/education/best-global-universities/korea-university-505391
86,297,Polytechnic University of Milan,Italy,Milan,66.8,58.5,N/A,https://www.usnews.com/education/best-global-universities/polytechnic-university-of-milan-502229
87,618,Northeastern University - China,China,Shenyang,66.5,47.9,"39,155",https://www.usnews.com/education/best-global-universities/northeastern-university-china-514931
88,4,University of California Berkeley,United States,Berkeley,66.4,88.7,"40,921",https://www.usnews.com/education/best-global-universities/university-of-california-berkeley-110635
89,63,University of Manchester,United Kingdom,Manchester,66.3,73.8,N/A,https://www.usnews.com/education/best-global-universities/university-of-manchester-500273
90,169,Delft University of Technology,Netherlands,Delft,66.1,65.1,N/A,https://www.usnews.com/education/best-global-universities/delft-university-of-technology-505496
91,223,Ton Duc Thang University,Vietnam,Ho Chi Minh City,66.1,61.8,N/A,https://www.usnews.com/education/best-global-universities/ton-duc-thang-university-529637
92,400,King Fahd University of Petroleum & Minerals,Saudi Arabia,Dhahran,65.5,54.4,N/A,https://www.usnews.com/education/best-global-universities/king-fahd-university-of-petroleum-minerals-506100
93,43,University of Texas Austin,United States,Austin,65.5,75.9,N/A,https://www.usnews.com/education/best-global-universities/university-of-texas-austin-228778
94,662,Khalifa University of Science & Technology,United Arab Emirates,Abu Dhabi,65.3,46.6,N/A,https://www.usnews.com/education/best-global-universities/khalifa-university-of-science-technology-529390
95,12,University College London,United Kingdom,London (U.K.),65.2,84.4,"36,900",https://www.usnews.com/education/best-global-universities/university-college-london-501693
96,531,Nanjing University of Science & Technology,China,Nanjing,64.7,50.2,N/A,https://www.usnews.com/education/best-global-universities/nanjing-university-of-science-technology-502308
97,84,Pennsylvania State University,United States,University Park,64.5,71.9,"46,863",https://www.usnews.com/education/best-global-universities/pennsylvania-state-university-214777
98,74,University of Adelaide,Australia,Adelaide,64.0,72.8,"23,102",https://www.usnews.com/education/best-global-universities/university-of-adelaide-504015
99,225,University of Tennessee Knoxville,United States,Knoxville,63.9,61.7,"27,308",https://www.usnews.com/education/best-global-universities/university-of-tennessee-knoxville-221759
100,191,University of Waterloo,Canada,Waterloo,63.7,63.5,"34,306",https://www.usnews.com/education/best-global-universities/university-of-waterloo-499966
101,"1,357",Taiyuan University of Technology,China,Taiyuan,63.6,31.1,N/A,https://www.usnews.com/education/best-global-universities/taiyuan-university-of-technology-529111
102,55,University of Hong Kong,Hong Kong,Pok Fu Lam,63.6,74.4,"18,087",https://www.usnews.com/education/best-global-universities/university-of-hong-kong-505046
103,643,Beijing University of Technology,China,Beijing,63.4,47.1,N/A,https://www.usnews.com/education/best-global-universities/beijing-university-of-technology-505552
104,598,Jiangnan University,China,Wuxi,63.4,48.3,"29,899",https://www.usnews.com/education/best-global-universities/jiangnan-university-504800
105,171,Queensland University of Technology (QUT),Australia,Brisbane,63.3,64.7,"37,165",https://www.usnews.com/education/best-global-universities/queensland-university-of-technology-qut-504619
106,267,Norwegian University of Science & Technology (NTNU),Norway,Trondheim,63.2,59.8,"37,759",https://www.usnews.com/education/best-global-universities/norwegian-university-of-science-technology-ntnu-503599
107,19,University of Michigan,United States,Ann Arbor,63.1,83.4,"46,146",https://www.usnews.com/education/best-global-universities/university-of-michigan-170976
108,342,Eindhoven University of Technology,Netherlands,Eindhoven,62.3,56.4,N/A,https://www.usnews.com/education/best-global-universities/eindhoven-university-of-technology-501655
109,"1,147",University of Jinan,China,Jinan,62.0,35.5,N/A,https://www.usnews.com/education/best-global-universities/university-of-jinan-529252
110,329,University of Tehran,Iran,Tehran,61.9,57.1,"45,295",https://www.usnews.com/education/best-global-universities/university-of-tehran-504903
111,"1,158",Qingdao University of Science & Technology,China,Qingdao,61.7,35.1,N/A,https://www.usnews.com/education/best-global-universities/qingdao-university-of-science-technology-529234
112,136,University of Alberta,Canada,Edmonton,61.7,67.1,"32,338",https://www.usnews.com/education/best-global-universities/university-of-alberta-499977
113,935,Wuhan Institute of Technology,China,Wuhan,61.6,40.1,"33,153",https://www.usnews.com/education/best-global-universities/wuhan-institute-of-technology-529516
114,226,Universiti Malaya,Malaysia,Kuala Lumpur,61.5,61.6,"18,320",https://www.usnews.com/education/best-global-universities/universiti-malaya-501730
115,478,Qatar University,Qatar,Doha,61.1,52.2,"9,084",https://www.usnews.com/education/best-global-universities/qatar-university-529146
116,247,Universidade do Porto,Portugal,Porto,61.1,60.7,"33,484",https://www.usnews.com/education/best-global-universities/universidade-do-porto-505685
117,413,Universite de Lorraine,France,Nancy,61.1,54.1,"61,235",https://www.usnews.com/education/best-global-universities/universite-de-lorraine-529568
118,226,Karlsruhe Institute of Technology,Germany,Karlsruhe,60.7,61.6,"22,689",https://www.usnews.com/education/best-global-universities/karlsruhe-institute-of-technology-502442
119,"1,564",Chung Yuan Christian University,Taiwan,Taoyuan City,60.3,26.4,"15,037",https://www.usnews.com/education/best-global-universities/chung-yuan-christian-university-529072
120,889,Universiti Teknologi Petronas,Malaysia,Darul Ridzuan,60.3,41.1,N/A,https://www.usnews.com/education/best-global-universities/universiti-teknologi-petronas-529338
121,794,Harbin Engineering University,China,Harbin,60.2,43.3,"29,861",https://www.usnews.com/education/best-global-universities/harbin-engineering-university-528986
122,202,Universidade de Lisboa,Portugal,Lisbon,59.7,62.9,"48,404",https://www.usnews.com/education/best-global-universities/universidade-de-lisboa-501120
123,28,University of Sydney,Australia,Sydney,59.6,79.9,"47,118",https://www.usnews.com/education/best-global-universities/university-of-sydney-505369
124,240,Royal Institute of Technology,Sweden,Stockholm,59.5,61.0,N/A,https://www.usnews.com/education/best-global-universities/royal-institute-of-technology-505970
125,57,University of Maryland College Park,United States,College Park,59.1,74.3,"33,775",https://www.usnews.com/education/best-global-universities/university-of-maryland-college-park-163286
126,269,Beijing Normal University,China,Beijing,58.6,59.7,N/A,https://www.usnews.com/education/best-global-universities/beijing-normal-university-506588
127,18,University of Toronto,Canada,Toronto,58.6,83.8,"77,468",https://www.usnews.com/education/best-global-universities/university-of-toronto-499968
128,653,Hohai University,China,Nanjing,58.5,46.8,N/A,https://www.usnews.com/education/best-global-universities/hohai-university-528997
129,667,Kyungpook National University,South Korea,Daegu,58.3,46.5,"18,892",https://www.usnews.com/education/best-global-universities/kyungpook-national-university-506312
130,129,Seoul National University (SNU),South Korea,Seoul,58.3,67.5,"26,209",https://www.usnews.com/education/best-global-universities/seoul-national-university-snu-503456
131,286,Tohoku University,Japan,Sendai,58.2,59.0,"17,812",https://www.usnews.com/education/best-global-universities/tohoku-university-500862
132,948,Beijing Forestry University,China,Beijing,57.9,39.9,N/A,https://www.usnews.com/education/best-global-universities/beijing-forestry-university-528815
133,81,University of Tokyo,Japan,Tokyo,57.7,72.4,"26,112",https://www.usnews.com/education/best-global-universities/university-of-tokyo-500248
134,230,North Carolina State University,United States,Raleigh,57.6,61.5,"31,527",https://www.usnews.com/education/best-global-universities/north-carolina-state-university-199193
135,145,University of Nottingham,United Kingdom,Nottingham,57.6,66.7,N/A,https://www.usnews.com/education/best-global-universities/university-of-nottingham-503548
136,21,Cornell University,United States,Ithaca,57.4,82.9,"24,027",https://www.usnews.com/education/best-global-universities/cornell-university-190415
137,292,Yonsei University,South Korea,Seoul,57.1,58.8,N/A,https://www.usnews.com/education/best-global-universities/yonsei-university-503801
138,"1,354",Zhejiang Sci-Tech University,China,Hangzhou,57.1,31.2,N/A,https://www.usnews.com/education/best-global-universities/zhejiang-sci-tech-university-529088
139,140,University of Leeds,United Kingdom,Leeds,57.0,66.9,N/A,https://www.usnews.com/education/best-global-universities/university-of-leeds-505265
140,95,Ghent University,Belgium,Gent,56.8,70.6,"39,437",https://www.usnews.com/education/best-global-universities/ghent-university-506883
141,"1,180",Kunming University of Science & Technology,China,Kunming,56.8,34.7,N/A,https://www.usnews.com/education/best-global-universities/kunming-university-of-science-technology-529089
142,504,Universiti Sains Malaysia,Malaysia,Penang,56.8,51.1,"23,492",https://www.usnews.com/education/best-global-universities/universiti-sains-malaysia-528826
143,441,COMSATS University Islamabad (CUI),Pakistan,Islamabad,56.5,53.4,N/A,https://www.usnews.com/education/best-global-universities/comsats-university-islamabad-cui-529200
144,409,Pohang University of Science & Technology (POSTECH),South Korea,Pohang,56.4,54.2,"3,260",https://www.usnews.com/education/best-global-universities/pohang-university-of-science-technology-postech-503003
145,360,Ulsan National Institute of Science & Technology (UNIST),South Korea,Ulsan,56.3,55.7,N/A,https://www.usnews.com/education/best-global-universities/ulsan-national-institute-of-science-technology-unist-528883
146,304,Technical University of Berlin,Germany,Berlin,56.2,58.1,"20,243",https://www.usnews.com/education/best-global-universities/technical-university-of-berlin-506357
147,118,Carnegie Mellon University,United States,Pittsburgh,56.0,68.7,N/A,https://www.usnews.com/education/best-global-universities/carnegie-mellon-university-211440
148,710,Cranfield University,United Kingdom,Cranfield,55.9,45.4,N/A,https://www.usnews.com/education/best-global-universities/cranfield-university-500995
149,194,Universite de Montpellier,France,Montpellier,55.9,63.3,"40,179",https://www.usnews.com/education/best-global-universities/universite-de-montpellier-528813
150,702,Nanjing Normal University,China,Nanjing,55.8,45.6,N/A,https://www.usnews.com/education/best-global-universities/nanjing-normal-university-528982
151,282,Korea Advanced Institute of Science & Technology (KAIST),South Korea,Daejeon,55.7,59.1,"9,946",https://www.usnews.com/education/best-global-universities/korea-advanced-institute-of-science-technology-kaist-506336
152,639,National Cheng Kung University,Taiwan,Tainan City,55.7,47.2,"20,080",https://www.usnews.com/education/best-global-universities/national-cheng-kung-university-502356
153,540,Lanzhou University,China,Lanzhou,55.5,50.0,N/A,https://www.usnews.com/education/best-global-universities/lanzhou-university-502794
154,504,Polytechnic University of Turin,Italy,Turin,55.3,51.1,"29,428",https://www.usnews.com/education/best-global-universities/polytechnic-university-of-turin-502577
155,156,Arizona State University-Tempe,United States,Tempe,55.1,65.9,"50,027",https://www.usnews.com/education/best-global-universities/arizona-state-university-tempe-104151
156,812,Hefei University of Technology,China,Hefei,55.1,42.9,N/A,https://www.usnews.com/education/best-global-universities/hefei-university-of-technology-528958
157,263,Sungkyunkwan University (SKKU),South Korea,Seoul,55.0,60.0,"23,399",https://www.usnews.com/education/best-global-universities/sungkyunkwan-university-skku-500193
158,525,Universidade de Aveiro,Portugal,Aveiro,54.9,50.4,"12,566",https://www.usnews.com/education/best-global-universities/universidade-de-aveiro-504426
159,294,Universidade Estadual de Campinas,Brazil,Campinas,54.9,58.7,"31,199",https://www.usnews.com/education/best-global-universities/universidade-estadual-de-campinas-504975
160,57,University of Minnesota Twin Cities,United States,Minneapolis,54.9,74.3,"45,276",https://www.usnews.com/education/best-global-universities/university-of-minnesota-twin-cities-174066
161,16,Princeton University,United States,Princeton,54.8,83.9,N/A,https://www.usnews.com/education/best-global-universities/princeton-university-186131
162,400,University of Twente,Netherlands,Enschede,54.7,54.4,"9,816",https://www.usnews.com/education/best-global-universities/university-of-twente-506687
163,466,University of Basque Country,Spain,Leioa,54.5,52.7,"43,018",https://www.usnews.com/education/best-global-universities/university-of-basque-country-502718
164,662,Ocean University of China,China,Qingdao,54.4,46.6,N/A,https://www.usnews.com/education/best-global-universities/ocean-university-of-china-502491
165,34,University of Edinburgh,United Kingdom,Edinburgh,54.4,77.8,"32,800",https://www.usnews.com/education/best-global-universities/university-of-edinburgh-505832
166,203,National Taiwan University,Taiwan,Taipei,54.1,62.8,"25,215",https://www.usnews.com/education/best-global-universities/national-taiwan-university-504077
167,140,Purdue University West Lafayette Campus,United States,West Lafayette,54.0,66.9,N/A,https://www.usnews.com/education/best-global-universities/purdue-university-west-lafayette-campus-243780
168,598,Sharif University of Technology,Iran,Tehran,53.9,48.3,N/A,https://www.usnews.com/education/best-global-universities/sharif-university-of-technology-502898
169,349,Kyushu University,Japan,Fukuoka,53.8,56.1,N/A,https://www.usnews.com/education/best-global-universities/kyushu-university-505482
170,"1,581",Hebei University of Technology,China,Tianjin,53.7,26.0,N/A,https://www.usnews.com/education/best-global-universities/hebei-university-of-technology-529604
171,370,University of Surrey,United Kingdom,Surrey,53.7,55.3,"15,875",https://www.usnews.com/education/best-global-universities/university-of-surrey-505401
172,889,National Taiwan University of Science & Technology,Taiwan,Taipei City,53.6,41.1,"8,907",https://www.usnews.com/education/best-global-universities/national-taiwan-university-of-science-technology-501875
173,120,Universidade de Sao Paulo,Brazil,Sao Paulo,53.6,68.5,"82,010",https://www.usnews.com/education/best-global-universities/universidade-de-sao-paulo-500437
174,185,University of Naples Federico II,Italy,Naples,53.6,63.7,N/A,https://www.usnews.com/education/best-global-universities/university-of-naples-federico-ii-505539
175,593,Universiti Kebangsaan Malaysia,Malaysia,Bangi Selangor,53.5,48.4,N/A,https://www.usnews.com/education/best-global-universities/universiti-kebangsaan-malaysia-506289
176,328,Washington State University,United States,Pullman,53.5,57.2,"29,463",https://www.usnews.com/education/best-global-universities/washington-state-university-236939
177,112,Lund University,Sweden,Lund,53.4,69.0,N/A,https://www.usnews.com/education/best-global-universities/lund-university-500083
178,835,Northwest University Xi'an,China,Xi'an,53.4,42.3,N/A,https://www.usnews.com/education/best-global-universities/northwest-university-xian-500540
179,337,Chalmers University of Technology,Sweden,Gothenburg,53.3,56.7,"9,513",https://www.usnews.com/education/best-global-universities/chalmers-university-of-technology-505279
180,273,Aalto University,Finland,Esbo,53.2,59.5,"13,306",https://www.usnews.com/education/best-global-universities/aalto-university-503645
181,89,University of Birmingham,United Kingdom,Birmingham (U.K.),53.2,71.3,"32,560",https://www.usnews.com/education/best-global-universities/university-of-birmingham-501524
182,35,University of British Columbia,Canada,Vancouver,53.1,77.5,"58,590",https://www.usnews.com/education/best-global-universities/university-of-british-columbia-499976
183,912,Yeungnam University,South Korea,Gyeongsan,53.1,40.7,"19,345",https://www.usnews.com/education/best-global-universities/yeungnam-university-504367
184,300,Western University (University of Western Ontario),Canada,London (Canada),52.6,58.2,N/A,https://www.usnews.com/education/best-global-universities/western-university-university-of-western-ontario-499965
185,564,Colorado School of Mines,United States,Golden,52.4,49.2,"6,350",https://www.usnews.com/education/best-global-universities/colorado-school-of-mines-126775
186,209,Royal Melbourne Institute of Technology (RMIT),Australia,Melbourne (Australia),52.4,62.5,"32,692",https://www.usnews.com/education/best-global-universities/royal-melbourne-institute-of-technology-rmit-503858
187,389,Universite de Lille,France,Lille,52.4,54.8,N/A,https://www.usnews.com/education/best-global-universities/universite-de-lille-529680
188,175,University of Calgary,Canada,Calgary,52.2,64.2,"33,560",https://www.usnews.com/education/best-global-universities/university-of-calgary-499975
189,520,University of Sevilla,Spain,Seville,52.2,50.5,"49,155",https://www.usnews.com/education/best-global-universities/university-of-sevilla-502822
190,605,Indian Institute of Technology (IIT) - Madras,India,Chennai,51.7,48.2,N/A,https://www.usnews.com/education/best-global-universities/indian-institute-of-technology-iit-madras-502278
191,889,Jeonbuk National University,South Korea,Jeonju,51.6,41.1,"21,782",https://www.usnews.com/education/best-global-universities/jeonbuk-national-university-503088
192,385,Polytechnic University of Catalonia,Spain,Barcelona,51.3,54.9,"22,280",https://www.usnews.com/education/best-global-universities/polytechnic-university-of-catalonia-501701
193,570,Universitat Politecnica de Valencia,Spain,Valencia,51.2,49.1,"23,607",https://www.usnews.com/education/best-global-universities/universitat-politecnica-de-valencia-501850
194,256,University of Erlangen Nuremberg,Germany,Erlangen,51.0,60.3,"33,777",https://www.usnews.com/education/best-global-universities/university-of-erlangen-nuremberg-504002
195,633,Amirkabir University of Technology,Iran,Tehran,50.7,47.3,N/A,https://www.usnews.com/education/best-global-universities/amirkabir-university-of-technology-506266
196,79,Technical University of Munich,Germany,Munich,50.4,72.6,"33,960",https://www.usnews.com/education/best-global-universities/technical-university-of-munich-503109
197,901,University of Shanghai for Science & Technology,China,Shanghai,50.3,40.9,N/A,https://www.usnews.com/education/best-global-universities/university-of-shanghai-for-science-technology-529079
198,625,University of Tabriz,Iran,Tabriz,50.3,47.7,"20,983",https://www.usnews.com/education/best-global-universities/university-of-tabriz-528957
199,63,University of Wisconsin Madison,United States,Madison,50.2,73.8,"40,701",https://www.usnews.com/education/best-global-universities/university-of-wisconsin-madison-240444
200,"1,216",Xi'an University of Architecture & Technology,China,Xi'an,50.0,34.1,N/A,https://www.usnews.com/education/best-global-universities/xian-university-of-architecture-technology-529487
201,432,Hokkaido University,Japan,Sapporo,49.9,53.6,N/A,https://www.usnews.com/education/best-global-universities/hokkaido-university-501928
202,992,Universiti Malaysia Pahang,Malaysia,Pahang,49.9,38.9,"8,140",https://www.usnews.com/education/best-global-universities/universiti-malaysia-pahang-529458
203,363,Aristotle University of Thessaloniki,Greece,Thessaloniki,49.8,55.6,"49,840",https://www.usnews.com/education/best-global-universities/aristotle-university-of-thessaloniki-506056
204,27,University of Melbourne,Australia,Parkville,49.7,80.3,N/A,https://www.usnews.com/education/best-global-universities/university-of-melbourne-501796
205,547,Chulalongkorn University,Thailand,Bangkok,49.5,49.8,"34,095",https://www.usnews.com/education/best-global-universities/chulalongkorn-university-505636
206,134,University of Sheffield,United Kingdom,Sheffield,49.4,67.3,"27,840",https://www.usnews.com/education/best-global-universities/university-of-sheffield-503922
207,"1,327",Inha University,South Korea,Incheon,49.1,31.7,"17,103",https://www.usnews.com/education/best-global-universities/inha-university-504761
208,167,University of Utah,United States,Salt Lake City,49.0,65.4,"30,967",https://www.usnews.com/education/best-global-universities/university-of-utah-230764
209,54,McGill University,Canada,Montreal,48.9,74.6,"32,309",https://www.usnews.com/education/best-global-universities/mcgill-university-499986
210,282,Universite Toulouse III - Paul Sabatier,France,Toulouse,48.9,59.1,N/A,https://www.usnews.com/education/best-global-universities/universite-toulouse-iii-paul-sabatier-503302
211,55,Ohio State University,United States,Columbus,48.8,74.4,"55,814",https://www.usnews.com/education/best-global-universities/ohio-state-university-204796
212,688,University of Calabria,Italy,Arcavacata di Rende,48.7,46.0,N/A,https://www.usnews.com/education/best-global-universities/university-of-calabria-505594
213,676,University of Zaragoza,Spain,Zaragoza,48.7,46.3,"28,083",https://www.usnews.com/education/best-global-universities/university-of-zaragoza-502343
214,156,Newcastle University - UK,United Kingdom,Newcastle upon Tyne,48.6,65.9,"26,920",https://www.usnews.com/education/best-global-universities/newcastle-university-uk-503247
215,360,Tokyo Institute of Technology,Japan,Tokyo,48.5,55.7,"9,878",https://www.usnews.com/education/best-global-universities/tokyo-institute-of-technology-504950
216,"1,344","University of Chemistry & Technology, Prague",Czech Republic,Prague,48.4,31.5,"4,006",https://www.usnews.com/education/best-global-universities/university-of-chemistry-technology-prague-529066
217,441,National Technical University of Athens,Greece,Athens (Greece),48.2,53.4,N/A,https://www.usnews.com/education/best-global-universities/national-technical-university-of-athens-505449
218,764,Indian Institute of Technology (IIT) - Kharagpur,India,Kharagpur,48.1,44.1,N/A,https://www.usnews.com/education/best-global-universities/indian-institute-of-technology-iit-kharagpur-500533
219,"1,446",Qilu University of Technology,China,Jinan,47.9,29.0,N/A,https://www.usnews.com/education/best-global-universities/qilu-university-of-technology-529482
220,463,University of Salerno,Italy,Fisciano,47.9,52.8,"26,289",https://www.usnews.com/education/best-global-universities/university-of-salerno-502531
221,583,Indian Institute of Technology (IIT) - Bombay,India,Mumbai,47.8,48.7,N/A,https://www.usnews.com/education/best-global-universities/indian-institute-of-technology-iit-bombay-501259
222,215,University of Ottawa,Canada,Ottawa,47.8,62.2,"36,670",https://www.usnews.com/education/best-global-universities/university-of-ottawa-499972
223,698,Pusan National University,South Korea,Busan,47.7,45.7,N/A,https://www.usnews.com/education/best-global-universities/pusan-national-university-501725
224,74,University of Illinois Urbana-Champaign,United States,Champaign,47.7,72.8,N/A,https://www.usnews.com/education/best-global-universities/university-of-illinois-urbana-champaign-145637
225,879,Iran University Science & Technology,Iran,Tehran,47.6,41.3,"15,436",https://www.usnews.com/education/best-global-universities/iran-university-science-technology-505518
226,520,Kyung Hee University,South Korea,Seoul,47.1,50.5,"20,504",https://www.usnews.com/education/best-global-universities/kyung-hee-university-501161
227,615,Technical University of Darmstadt,Germany,Darmstadt,47.0,48.0,"15,526",https://www.usnews.com/education/best-global-universities/technical-university-of-darmstadt-506035
228,"1,132",Xiangtan University,China,Xiangtan,47.0,35.8,N/A,https://www.usnews.com/education/best-global-universities/xiangtan-university-529020
229,231,University of Newcastle,Australia,Callaghan,46.9,61.4,N/A,https://www.usnews.com/education/best-global-universities/university-of-newcastle-500363
230,265,Virginia Polytechnic Institute & State University,United States,Blacksburg,46.9,59.9,"36,512",https://www.usnews.com/education/best-global-universities/virginia-polytechnic-institute-state-university-233921
231,"1,483",Changzhou University,China,Changzhou,46.6,28.1,N/A,https://www.usnews.com/education/best-global-universities/changzhou-university-529351
232,48,Sorbonne Universite,France,Paris,46.5,75.2,"44,649",https://www.usnews.com/education/best-global-universities/sorbonne-universite-529569
233,708,Tarbiat Modares University,Iran,Tehran,46.5,45.5,N/A,https://www.usnews.com/education/best-global-universities/tarbiat-modares-university-528825
234,405,Universidad Nacional Autonoma de Mexico,Mexico,Mexico City,46.4,54.3,"172,729",https://www.usnews.com/education/best-global-universities/universidad-nacional-autonoma-de-mexico-502101
235,487,Universidade Nova de Lisboa,Portugal,Lisbon,46.3,51.7,"20,996",https://www.usnews.com/education/best-global-universities/universidade-nova-de-lisboa-506121
236,547,Universiti Putra Malaysia,Malaysia,Serdang,46.2,49.8,"18,365",https://www.usnews.com/education/best-global-universities/universiti-putra-malaysia-500789
237,60,Universite Paris Saclay,France,Saint-Aubin,45.5,74.1,N/A,https://www.usnews.com/education/best-global-universities/universite-paris-saclay-529676
238,"1,309",Henan Polytechnic University,China,Jiaozuo,44.6,32.0,N/A,https://www.usnews.com/education/best-global-universities/henan-polytechnic-university-529521
239,943,Institut National Polytechnique de Toulouse,France,Toulouse,44.5,40.0,N/A,https://www.usnews.com/education/best-global-universities/institut-national-polytechnique-de-toulouse-505784
240,140,Kyoto University,Japan,Kyoto,44.1,66.9,N/A,https://www.usnews.com/education/best-global-universities/kyoto-university-505388
241,598,Babol Noshirvani University of Technology,Iran,Babol,43.8,48.3,"6,180",https://www.usnews.com/education/best-global-universities/babol-noshirvani-university-of-technology-529310
242,739,Isfahan University of Technology,Iran,Isfahan,43.8,44.6,"11,323",https://www.usnews.com/education/best-global-universities/isfahan-university-of-technology-502590
243,300,University of Duisburg Essen,Germany,Essen,43.5,58.2,N/A,https://www.usnews.com/education/best-global-universities/university-of-duisburg-essen-505327
244,"1,506",Tianjin University Science & Technology,China,Tianjin,43.0,27.7,N/A,https://www.usnews.com/education/best-global-universities/tianjin-university-science-technology-529285
245,935,University of Regina,Canada,Regina,43.0,40.1,N/A,https://www.usnews.com/education/best-global-universities/university-of-regina-499970
246,725,Heriot Watt University,United Kingdom,Edinburgh,42.9,45.1,"9,885",https://www.usnews.com/education/best-global-universities/heriot-watt-university-506192
247,821,Shiraz University,Iran,Shiraz,42.8,42.5,N/A,https://www.usnews.com/education/best-global-universities/shiraz-university-500400
248,801,Otto von Guericke University,Germany,Magdeburg,42.7,43.2,N/A,https://www.usnews.com/education/best-global-universities/otto-von-guericke-university-528861
249,341,Universite Claude Bernard Lyon 1,France,Villeurbanne,42.5,56.5,"28,253",https://www.usnews.com/education/best-global-universities/universite-claude-bernard-lyon-1-500870
250,"1,046",Ferdowsi University Mashhad,Iran,Mashhad,42.4,37.7,N/A,https://www.usnews.com/education/best-global-universities/ferdowsi-university-mashhad-502854
