0,subject_name,global_ranking,school_name,country,area,subject_score,global_score,enrollment,url,,,,,1
1,infectious-diseases,5,University of Oxford,United Kingdom,Oxford,100,86.8,N/A,https://www.usnews.com/education/best-global-universities/university-of-oxford-503637,,,,,
2,infectious-diseases,1,Harvard University,United States,Cambridge (U.S.),99.3,100,"21,887",https://www.usnews.com/education/best-global-universities/harvard-university-166027,,,,,
3,infectious-diseases,10,Johns Hopkins University,United States,Baltimore,94.4,84.7,"17,584",https://www.usnews.com/education/best-global-universities/johns-hopkins-university-162928,,,,,
4,infectious-diseases,129,London School of Hygiene & Tropical Medicine,United Kingdom,London (U.K.),92.1,67.5,N/A,https://www.usnews.com/education/best-global-universities/london-school-of-hygiene-tropical-medicine-503353,,,,,
5,infectious-diseases,55,University of Hong Kong,Hong Kong,Pok Fu Lam,91,74.4,"18,087",https://www.usnews.com/education/best-global-universities/university-of-hong-kong-505046,,,,,
6,infectious-diseases,13,Imperial College London,United Kingdom,London (U.K.),90.3,84.3,"18,455",https://www.usnews.com/education/best-global-universities/imperial-college-london-505571,,,,,
7,infectious-diseases,6,University of Washington Seattle,United States,Seattle,88.8,86.6,"47,727",https://www.usnews.com/education/best-global-universities/university-of-washington-seattle-236948,,,,,
8,infectious-diseases,12,University College London,United Kingdom,London (U.K.),82.5,84.4,"36,900",https://www.usnews.com/education/best-global-universities/university-college-london-501693,,,,,
9,infectious-diseases,16,University of California San Francisco,United States,San Francisco,81.4,83.9,N/A,https://www.usnews.com/education/best-global-universities/university-of-california-san-francisco-110699,,,,,
10,infectious-diseases,48,Universite de Paris,France,Paris,79.5,75.2,N/A,https://www.usnews.com/education/best-global-universities/universite-de-paris-529677,,,,,
11,infectious-diseases,27,University of Melbourne,Australia,Parkville,76.4,80.3,N/A,https://www.usnews.com/education/best-global-universities/university-of-melbourne-501796,,,,,
12,infectious-diseases,109,Huazhong University of Science & Technology,China,Wuhan,74.1,69.1,"57,167",https://www.usnews.com/education/best-global-universities/huazhong-university-of-science-technology-505190,,,,,
13,infectious-diseases,65,Erasmus University Rotterdam,Netherlands,Rotterdam,73.9,73.4,N/A,https://www.usnews.com/education/best-global-universities/erasmus-university-rotterdam-500349,,,,,
14,infectious-diseases,45,University of Pittsburgh,United States,Pittsburgh,73.5,75.6,"26,575",https://www.usnews.com/education/best-global-universities/university-of-pittsburgh-215293,,,,,
15,infectious-diseases,72,Emory University,United States,Atlanta,73.3,73,"13,190",https://www.usnews.com/education/best-global-universities/emory-university-139658,,,,,
16,infectious-diseases,86,University of Barcelona,Spain,Barcelona,72.8,71.8,"45,004",https://www.usnews.com/education/best-global-universities/university-of-barcelona-500261,,,,,
17,infectious-diseases,178,Aix-Marseille Universite,France,Marseille,72.6,64.1,"70,054",https://www.usnews.com/education/best-global-universities/aix-marseille-universite-528917,,,,,
18,infectious-diseases,150,Wuhan University,China,Wuhan,72.6,66.2,N/A,https://www.usnews.com/education/best-global-universities/wuhan-university-503252,,,,,
19,infectious-diseases,41,University of North Carolina Chapel Hill,United States,Chapel Hill,71,76.7,"30,845",https://www.usnews.com/education/best-global-universities/university-of-north-carolina-chapel-hill-199120,,,,,
20,infectious-diseases,146,University of Liverpool,United Kingdom,Liverpool,70.6,66.6,"27,145",https://www.usnews.com/education/best-global-universities/university-of-liverpool-506611,,,,,
21,infectious-diseases,19,University of Michigan,United States,Ann Arbor,70.6,83.4,"46,146",https://www.usnews.com/education/best-global-universities/university-of-michigan-170976,,,,,
22,infectious-diseases,87,Free University of Berlin,Germany,Berlin,70.5,71.7,"36,792",https://www.usnews.com/education/best-global-universities/free-university-of-berlin-502084,,,,,
23,infectious-diseases,44,Utrecht University,Netherlands,Utrecht,69.9,75.7,"32,532",https://www.usnews.com/education/best-global-universities/utrecht-university-505962,,,,,
24,infectious-diseases,125,University of Cape Town,South Africa,Cape Town,69.8,68,"21,069",https://www.usnews.com/education/best-global-universities/university-of-cape-town-504187,,,,,
25,infectious-diseases,51,Karolinska Institutet,Sweden,Stockholm,69.7,74.9,"8,021",https://www.usnews.com/education/best-global-universities/karolinska-institutet-503151,,,,,
26,infectious-diseases,18,University of Toronto,Canada,Toronto,68.4,83.8,"77,468",https://www.usnews.com/education/best-global-universities/university-of-toronto-499968,,,,,
27,infectious-diseases,39,University of Amsterdam,Netherlands,Amsterdam,68.3,76.8,N/A,https://www.usnews.com/education/best-global-universities/university-of-amsterdam-502957,,,,,
28,infectious-diseases,15,University of Pennsylvania,United States,Philadelphia,67.7,84,"21,453",https://www.usnews.com/education/best-global-universities/university-of-pennsylvania-215062,,,,,
29,infectious-diseases,37,Monash University,Australia,Clayton,67.3,77,"58,725",https://www.usnews.com/education/best-global-universities/monash-university-500301,,,,,
30,infectious-diseases,98,University of Florida,United States,Gainesville,67.3,70.4,"46,807",https://www.usnews.com/education/best-global-universities/university-of-florida-134130,,,,,
31,infectious-diseases,28,University of Sydney,Australia,Sydney,67,79.9,"47,118",https://www.usnews.com/education/best-global-universities/university-of-sydney-505369,,,,,
32,infectious-diseases,54,McGill University,Canada,Montreal,66.5,74.6,"32,309",https://www.usnews.com/education/best-global-universities/mcgill-university-499986,,,,,
33,infectious-diseases,25,Duke University,United States,"Durham (North Carolina, U.S.)",66,80.7,N/A,https://www.usnews.com/education/best-global-universities/duke-university-198419,,,,,
34,infectious-diseases,11,Yale University,United States,New Haven,65.9,84.6,"13,482",https://www.usnews.com/education/best-global-universities/yale-university-130794,,,,,
35,infectious-diseases,57,Ruprecht Karls University Heidelberg,Germany,Heidelberg,65.6,74.3,"19,347",https://www.usnews.com/education/best-global-universities/ruprecht-karls-university-heidelberg-506277,,,,,
36,infectious-diseases,36,University of Queensland,Australia,Brisbane,65.3,77.2,"41,372",https://www.usnews.com/education/best-global-universities/university-of-queensland-500164,,,,,
37,infectious-diseases,61,Humboldt University of Berlin,Germany,Berlin,65,74,"34,399",https://www.usnews.com/education/best-global-universities/humboldt-university-of-berlin-506698,,,,,
38,infectious-diseases,14,University of California Los Angeles,United States,Los Angeles,65,84.2,"43,289",https://www.usnews.com/education/best-global-universities/university-of-california-los-angeles-110662,,,,,
39,infectious-diseases,37,University of New South Wales Sydney,Australia,Kensington,65,77,"45,133",https://www.usnews.com/education/best-global-universities/university-of-new-south-wales-sydney-502434,,,,,
40,infectious-diseases,244,University of Witwatersrand,South Africa,Johannesburg,64.6,60.8,"26,871",https://www.usnews.com/education/best-global-universities/university-of-witwatersrand-500909,,,,,
41,infectious-diseases,70,Boston University,United States,Boston,64.5,73.1,"27,243",https://www.usnews.com/education/best-global-universities/boston-university-164988,,,,,
42,infectious-diseases,42,University of Copenhagen,Denmark,Copenhagen,64.4,76.2,N/A,https://www.usnews.com/education/best-global-universities/university-of-copenhagen-503710,,,,,
43,infectious-diseases,119,University of Virginia,United States,Charlottesville,64.1,68.6,N/A,https://www.usnews.com/education/best-global-universities/university-of-virginia-234076,,,,,
44,infectious-diseases,93,Zhejiang University,China,Hangzhou,63.7,70.7,"44,636",https://www.usnews.com/education/best-global-universities/zhejiang-university-504773,,,,,
45,infectious-diseases,160,University of Alabama Birmingham,United States,Birmingham (U.S.),63.5,65.8,N/A,https://www.usnews.com/education/best-global-universities/university-of-alabama-birmingham-100663,,,,,
46,infectious-diseases,53,Chinese University of Hong Kong,Hong Kong,Shatin,63.4,74.7,"18,468",https://www.usnews.com/education/best-global-universities/chinese-university-of-hong-kong-502973,,,,,
47,infectious-diseases,561,Liverpool School of Tropical Medicine,United Kingdom,Liverpool,63.4,49.3,N/A,https://www.usnews.com/education/best-global-universities/liverpool-school-of-tropical-medicine-529389,,,,,
48,infectious-diseases,223,University of Antwerp,Belgium,Antwerp,63,61.8,"15,857",https://www.usnews.com/education/best-global-universities/university-of-antwerp-505023,,,,,
49,infectious-diseases,20,University of California San Diego,United States,La Jolla,62.8,83.3,N/A,https://www.usnews.com/education/best-global-universities/university-of-california-san-diego-110680,,,,,
50,infectious-diseases,116,Fudan University,China,Shanghai,62.6,68.8,N/A,https://www.usnews.com/education/best-global-universities/fudan-university-500824,,,,,
51,infectious-diseases,3,Stanford University,United States,Stanford,62.5,95.2,"16,164",https://www.usnews.com/education/best-global-universities/stanford-university-243744,,,,,
52,infectious-diseases,7,Columbia University,United States,New York City,62.2,86.5,"21,781",https://www.usnews.com/education/best-global-universities/columbia-university-190150,,,,,
53,infectious-diseases,512,Mahidol University,Thailand,Salaya,62.1,50.7,"28,477",https://www.usnews.com/education/best-global-universities/mahidol-university-503481,,,,,
54,infectious-diseases,150,University of Basel,Switzerland,Basel,62.1,66.2,N/A,https://www.usnews.com/education/best-global-universities/university-of-basel-502059,,,,,
55,infectious-diseases,106,Radboud University Nijmegen,Netherlands,Nijmegen,61.9,69.4,"21,979",https://www.usnews.com/education/best-global-universities/radboud-university-nijmegen-501519,,,,,
56,infectious-diseases,8,University of Cambridge,United Kingdom,Cambridge (U.K.),61.8,86.1,"20,385",https://www.usnews.com/education/best-global-universities/university-of-cambridge-502149,,,,,
57,infectious-diseases,194,Universite de Montpellier,France,Montpellier,61.4,63.3,"40,179",https://www.usnews.com/education/best-global-universities/universite-de-montpellier-528813,,,,,
58,infectious-diseases,129,Sun Yat Sen University,China,Guangzhou,60.3,67.5,"58,208",https://www.usnews.com/education/best-global-universities/sun-yat-sen-university-506062,,,,,
59,infectious-diseases,250,National & Kapodistrian University of Athens,Greece,Athens (Greece),59.8,60.6,N/A,https://www.usnews.com/education/best-global-universities/national-kapodistrian-university-of-athens-504988,,,,,
60,infectious-diseases,48,Sorbonne Universite,France,Paris,59.6,75.2,"44,649",https://www.usnews.com/education/best-global-universities/sorbonne-universite-529569,,,,,
61,infectious-diseases,120,Universidade de Sao Paulo,Brazil,Sao Paulo,59.4,68.5,"82,010",https://www.usnews.com/education/best-global-universities/universidade-de-sao-paulo-500437,,,,,
62,infectious-diseases,57,University of Minnesota Twin Cities,United States,Minneapolis,59.3,74.3,"45,276",https://www.usnews.com/education/best-global-universities/university-of-minnesota-twin-cities-174066,,,,,
63,infectious-diseases,107,University of Bern,Switzerland,Bern,58.5,69.3,"11,740",https://www.usnews.com/education/best-global-universities/university-of-bern-505657,,,,,
64,infectious-diseases,35,University of British Columbia,Canada,Vancouver,58.5,77.5,"58,590",https://www.usnews.com/education/best-global-universities/university-of-british-columbia-499976,,,,,
65,infectious-diseases,26,National University of Singapore,Singapore,Singapore,58.2,80.4,"32,337",https://www.usnews.com/education/best-global-universities/national-university-of-singapore-505009,,,,,
66,infectious-diseases,34,University of Edinburgh,United Kingdom,Edinburgh,57.8,77.8,"32,800",https://www.usnews.com/education/best-global-universities/university-of-edinburgh-505832,,,,,
67,infectious-diseases,78,Vanderbilt University,United States,Nashville,57.7,72.7,N/A,https://www.usnews.com/education/best-global-universities/vanderbilt-university-221999,,,,,
68,infectious-diseases,95,Ghent University,Belgium,Gent,57.3,70.6,"39,437",https://www.usnews.com/education/best-global-universities/ghent-university-506883,,,,,
69,infectious-diseases,88,University of Groningen,Netherlands,Groningen,57.3,71.5,"30,009",https://www.usnews.com/education/best-global-universities/university-of-groningen-500967,,,,,
70,infectious-diseases,21,Cornell University,United States,Ithaca,57.2,82.9,"24,027",https://www.usnews.com/education/best-global-universities/cornell-university-190415,,,,,
71,infectious-diseases,203,National Taiwan University,Taiwan,Taipei,56.6,62.8,"25,215",https://www.usnews.com/education/best-global-universities/national-taiwan-university-504077,,,,,
72,infectious-diseases,286,University of Maryland Baltimore,United States,Baltimore,56.5,59,N/A,https://www.usnews.com/education/best-global-universities/university-of-maryland-baltimore-163259,,,,,
73,infectious-diseases,370,University of Kwazulu Natal,South Africa,Durban,56.3,55.3,"33,855",https://www.usnews.com/education/best-global-universities/university-of-kwazulu-natal-504296,,,,,
74,infectious-diseases,109,University of Geneva,Switzerland,Geneva,56.1,69.1,N/A,https://www.usnews.com/education/best-global-universities/university-of-geneva-504635,,,,,
75,infectious-diseases,244,University of Cologne,Germany,Koln,55.8,60.8,N/A,https://www.usnews.com/education/best-global-universities/university-of-cologne-500060,,,,,
76,infectious-diseases,67,University of Zurich,Switzerland,Zurich,55.8,73.3,"25,255",https://www.usnews.com/education/best-global-universities/university-of-zurich-505287,,,,,
77,infectious-diseases,593,Peking Union Medical College,China,Beijing,54.9,48.4,N/A,https://www.usnews.com/education/best-global-universities/peking-union-medical-college-529794,,,,,
78,infectious-diseases,271,George Washington University,United States,"Washington, D.C.",54.7,59.6,"22,298",https://www.usnews.com/education/best-global-universities/george-washington-university-131469,,,,,
79,infectious-diseases,138,McMaster University,Canada,Hamilton,54.7,67,N/A,https://www.usnews.com/education/best-global-universities/mcmaster-university-502196,,,,,
80,infectious-diseases,136,Baylor College of Medicine,United States,Houston,54.4,67.1,N/A,https://www.usnews.com/education/best-global-universities/baylor-college-of-medicine-223223,,,,,
81,infectious-diseases,152,Case Western Reserve University,United States,Cleveland,53.7,66.1,"10,953",https://www.usnews.com/education/best-global-universities/case-western-reserve-university-201645,,,,,
82,infectious-diseases,174,University of Colorado Anschutz Medical Campus,United States,Aurora,53.2,64.4,N/A,https://www.usnews.com/education/best-global-universities/university-of-colorado-anschutz-medical-campus-529678,,,,,
83,infectious-diseases,50,KU Leuven,Belgium,Leuven,52.5,75.1,"47,663",https://www.usnews.com/education/best-global-universities/ku-leuven-504785,,,,,
84,infectious-diseases,416,St Georges University London,United Kingdom,London (U.K.),52.2,54,"3,535",https://www.usnews.com/education/best-global-universities/st-georges-university-london-502037,,,,,
85,infectious-diseases,175,Tel Aviv University,Israel,Tel Aviv,52.2,64.2,"23,834",https://www.usnews.com/education/best-global-universities/tel-aviv-university-500052,,,,,
86,infectious-diseases,63,University of Manchester,United Kingdom,Manchester,51.5,73.8,N/A,https://www.usnews.com/education/best-global-universities/university-of-manchester-500273,,,,,
87,infectious-diseases,182,University of Lausanne,Switzerland,Lausanne,50.9,63.9,"13,402",https://www.usnews.com/education/best-global-universities/university-of-lausanne-505144,,,,,
88,infectious-diseases,757,Makerere University,Uganda,Kampala,50.7,44.3,N/A,https://www.usnews.com/education/best-global-universities/makerere-university-528833,,,,,
89,infectious-diseases,74,University of Glasgow,United Kingdom,Glasgow,50.6,72.8,"28,250",https://www.usnews.com/education/best-global-universities/university-of-glasgow-500110,,,,,
90,infectious-diseases,32,Washington University (WUSTL),United States,St. Louis,50.3,78.1,"14,761",https://www.usnews.com/education/best-global-universities/washington-university-wustl-179867,,,,,
91,infectious-diseases,39,Peking University,China,Beijing,50.1,76.8,"31,994",https://www.usnews.com/education/best-global-universities/peking-university-501148,,,,,
92,infectious-diseases,247,University of Otago,New Zealand,Dunedin,49.8,60.7,"18,508",https://www.usnews.com/education/best-global-universities/university-of-otago-506723,,,,,
93,infectious-diseases,156,University of Milan,Italy,Milan,49.3,65.9,N/A,https://www.usnews.com/education/best-global-universities/university-of-milan-506478,,,,,
94,infectious-diseases,884,Capital Medical University,China,Beijing,49.2,41.2,N/A,https://www.usnews.com/education/best-global-universities/capital-medical-university-504555,,,,,
95,infectious-diseases,4,University of California Berkeley,United States,Berkeley,49,88.7,"40,921",https://www.usnews.com/education/best-global-universities/university-of-california-berkeley-110635,,,,,
96,infectious-diseases,175,University of Calgary,Canada,Calgary,48.8,64.2,"33,560",https://www.usnews.com/education/best-global-universities/university-of-calgary-499975,,,,,
97,infectious-diseases,"1,251",Institute of Tropical Medicine (ITM),Belgium,Antwerp,48.7,33.3,N/A,https://www.usnews.com/education/best-global-universities/institute-of-tropical-medicine-itm-529905,,,,,
98,infectious-diseases,138,University of Bonn,Germany,Bonn,48.3,67,"27,210",https://www.usnews.com/education/best-global-universities/university-of-bonn-504578,,,,,
99,infectious-diseases,99,University of Helsinki,Finland,Helsinki,48.3,70.3,N/A,https://www.usnews.com/education/best-global-universities/university-of-helsinki-501989,,,,,
100,infectious-diseases,667,University of Texas Medical Branch Galveston,United States,Galveston,47.8,46.5,N/A,https://www.usnews.com/education/best-global-universities/university-of-texas-medical-branch-galveston-228653,,,,,
101,infectious-diseases,93,University of Bristol,United Kingdom,Bristol,47.6,70.7,"25,660",https://www.usnews.com/education/best-global-universities/university-of-bristol-505342,,,,,
102,infectious-diseases,33,King's College London,United Kingdom,London (U.K.),47.3,77.9,"29,240",https://www.usnews.com/education/best-global-universities/kings-college-london-500330,,,,,
103,infectious-diseases,104,University of Southampton,United Kingdom,Southampton,47.2,69.7,N/A,https://www.usnews.com/education/best-global-universities/university-of-southampton-504892,,,,,
104,infectious-diseases,47,University of Munich,Germany,Munich,46.8,75.3,N/A,https://www.usnews.com/education/best-global-universities/university-of-munich-500951,,,,,
105,infectious-diseases,182,Eberhard Karls University of Tubingen,Germany,Tubingen,46.7,63.9,N/A,https://www.usnews.com/education/best-global-universities/eberhard-karls-university-of-tubingen-503424,,,,,
106,infectious-diseases,304,Stellenbosch University,South Africa,Stellenbosch,46.7,58.1,"24,907",https://www.usnews.com/education/best-global-universities/stellenbosch-university-500980,,,,,
107,infectious-diseases,2,Massachusetts Institute of Technology (MIT),United States,Cambridge (U.S.),46.6,97.7,"11,415",https://www.usnews.com/education/best-global-universities/massachusetts-institute-of-technology-mit-166683,,,,,
108,infectious-diseases,73,University of California Davis,United States,Davis,46.6,72.9,N/A,https://www.usnews.com/education/best-global-universities/university-of-california-davis-110644,,,,,
109,infectious-diseases,269,University of Texas Health Science Center Houston,United States,Houston,46.4,59.7,N/A,https://www.usnews.com/education/best-global-universities/university-of-texas-health-science-center-houston-229300,,,,,
110,infectious-diseases,129,Brown University,United States,Providence,45.6,67.5,"10,037",https://www.usnews.com/education/best-global-universities/brown-university-217156,,,,,
111,infectious-diseases,100,Queen Mary University London,United Kingdom,London (U.K.),45.1,70.2,"20,485",https://www.usnews.com/education/best-global-universities/queen-mary-university-london-503389,,,,,
112,infectious-diseases,413,Universidade Federal do Rio de Janeiro,Brazil,Rio de Janeiro,44.4,54.1,"45,964",https://www.usnews.com/education/best-global-universities/universidade-federal-do-rio-de-janeiro-504608,,,,,
113,infectious-diseases,89,University of Birmingham,United Kingdom,Birmingham (U.K.),44.4,71.3,"32,560",https://www.usnews.com/education/best-global-universities/university-of-birmingham-501524,,,,,
114,infectious-diseases,517,Tehran University of Medical Sciences,Iran,Tehran,44.3,50.6,"11,605",https://www.usnews.com/education/best-global-universities/tehran-university-of-medical-sciences-503294,,,,,
115,infectious-diseases,226,Universite Libre de Bruxelles,Belgium,Brussels,44.1,61.6,"28,290",https://www.usnews.com/education/best-global-universities/universite-libre-de-bruxelles-505303,,,,,
116,infectious-diseases,74,Leiden University,Netherlands,Leiden,44,72.8,N/A,https://www.usnews.com/education/best-global-universities/leiden-university-503069,,,,,
117,infectious-diseases,129,Seoul National University (SNU),South Korea,Seoul,44,67.5,"26,209",https://www.usnews.com/education/best-global-universities/seoul-national-university-snu-503456,,,,,
118,infectious-diseases,337,Complutense University of Madrid,Spain,Madrid,43.9,56.7,"61,128",https://www.usnews.com/education/best-global-universities/complutense-university-of-madrid-506527,,,,,
119,infectious-diseases,143,Autonomous University of Barcelona,Spain,Barcelona,43.4,66.8,"31,933",https://www.usnews.com/education/best-global-universities/autonomous-university-of-barcelona-505700,,,,,
120,infectious-diseases,143,Rutgers State University New Brunswick,United States,Piscataway Township,43,66.8,"46,158",https://www.usnews.com/education/best-global-universities/rutgers-state-university-new-brunswick-186380,,,,,
121,infectious-diseases,290,Universite de Bordeaux,France,Talence,41.5,58.9,"53,757",https://www.usnews.com/education/best-global-universities/universite-de-bordeaux-528820,,,,,
122,infectious-diseases,397,Laval University,Canada,Quebec City,41.3,54.5,"28,611",https://www.usnews.com/education/best-global-universities/laval-university-505699,,,,,
123,infectious-diseases,24,Northwestern University,United States,Evanston,41.1,81.2,"18,803",https://www.usnews.com/education/best-global-universities/northwestern-university-147767,,,,,
124,infectious-diseases,239,Tufts University,United States,Medford,41,61.1,"11,399",https://www.usnews.com/education/best-global-universities/tufts-university-168148,,,,,
125,infectious-diseases,789,University of Brighton,United Kingdom,Brighton,40.8,43.4,N/A,https://www.usnews.com/education/best-global-universities/university-of-brighton-528973,,,,,
126,infectious-diseases,165,Oregon Health & Science University,United States,Portland,40.4,65.5,N/A,https://www.usnews.com/education/best-global-universities/oregon-health-science-university-209490,,,,,
127,infectious-diseases,60,Universite Paris Saclay,France,Saint-Aubin,40.4,74.1,N/A,https://www.usnews.com/education/best-global-universities/universite-paris-saclay-529676,,,,,
128,infectious-diseases,573,Addis Ababa University,Ethiopia,Addis Ababa,40.1,49,N/A,https://www.usnews.com/education/best-global-universities/addis-ababa-university-529036,,,,,
129,infectious-diseases,156,Universite de Montreal,Canada,Montreal,39.9,65.9,"38,189",https://www.usnews.com/education/best-global-universities/universite-de-montreal-506159,,,,,
130,infectious-diseases,213,King Saud University,Saudi Arabia,Riyadh,39.7,62.3,"33,931",https://www.usnews.com/education/best-global-universities/king-saud-university-503764,,,,,
131,infectious-diseases,152,Indiana University Bloomington,United States,Bloomington,39.6,66.1,N/A,https://www.usnews.com/education/best-global-universities/indiana-university-bloomington-151351,,,,,
132,infectious-diseases,115,University of Padua,Italy,Padua,39.4,68.9,"48,524",https://www.usnews.com/education/best-global-universities/university-of-padua-502381,,,,,
133,infectious-diseases,89,Shanghai Jiao Tong University,China,Shanghai,38.9,71.3,"37,478",https://www.usnews.com/education/best-global-universities/shanghai-jiao-tong-university-501915,,,,,
134,infectious-diseases,"1,376",University of Malawi,Malawi,Zomba,38.8,30.6,N/A,https://www.usnews.com/education/best-global-universities/university-of-malawi-529362,,,,,
135,infectious-diseases,127,Uppsala University,Sweden,Uppsala,38.7,67.8,N/A,https://www.usnews.com/education/best-global-universities/uppsala-university-501990,,,,,
136,infectious-diseases,206,Medical University of Vienna,Austria,Vienna,38.6,62.7,"7,274",https://www.usnews.com/education/best-global-universities/medical-university-of-vienna-504165,,,,,
137,infectious-diseases,372,University of Manitoba,Canada,Winnipeg,38.4,55.2,"29,561",https://www.usnews.com/education/best-global-universities/university-of-manitoba-503954,,,,,
138,infectious-diseases,83,University of Western Australia,Australia,Crawley,37.5,72.2,"18,405",https://www.usnews.com/education/best-global-universities/university-of-western-australia-503979,,,,,
139,infectious-diseases,583,Universidade Federal de Sao Paulo (UNIFESP),Brazil,Sao Paulo,37.4,48.7,N/A,https://www.usnews.com/education/best-global-universities/universidade-federal-de-sao-paulo-unifesp-501953,,,,,
140,infectious-diseases,253,University of Miami,United States,Coral Gables,37,60.5,"17,047",https://www.usnews.com/education/best-global-universities/university-of-miami-135726,,,,,
141,infectious-diseases,149,University of Hamburg,Germany,Hamburg,36.8,66.3,"30,676",https://www.usnews.com/education/best-global-universities/university-of-hamburg-501079,,,,,
142,infectious-diseases,30,Nanyang Technological University,Singapore,Singapore,36.4,79,"24,651",https://www.usnews.com/education/best-global-universities/nanyang-technological-university-503366,,,,,
143,infectious-diseases,468,Universidade Federal de Minas Gerais,Brazil,Belo Horizonte,36.4,52.6,N/A,https://www.usnews.com/education/best-global-universities/universidade-federal-de-minas-gerais-506043,,,,,
144,infectious-diseases,163,University of Warwick,United Kingdom,Coventry,36.1,65.7,"23,895",https://www.usnews.com/education/best-global-universities/university-of-warwick-503443,,,,,
145,infectious-diseases,324,James Cook University,Australia,Townsville City,36,57.3,"12,825",https://www.usnews.com/education/best-global-universities/james-cook-university-506320,,,,,
146,infectious-diseases,109,Aarhus University,Denmark,Aarhus,35.7,69.1,"26,475",https://www.usnews.com/education/best-global-universities/aarhus-university-502125,,,,,
147,infectious-diseases,46,Icahn School of Medicine at Mount Sinai,United States,New York City,35.6,75.4,N/A,https://www.usnews.com/education/best-global-universities/icahn-school-of-medicine-at-mount-sinai-193405,,,,,
148,infectious-diseases,725,University of Zambia,Zambia,Lusaka,35.6,45.1,N/A,https://www.usnews.com/education/best-global-universities/university-of-zambia-529619,,,,,
149,infectious-diseases,366,Catholic University of the Sacred Heart,Italy,Milan,35.2,55.5,N/A,https://www.usnews.com/education/best-global-universities/catholic-university-of-the-sacred-heart-503167,,,,,
150,infectious-diseases,136,University of Alberta,Canada,Edmonton,35.2,67.1,"32,338",https://www.usnews.com/education/best-global-universities/university-of-alberta-499977,,,,,
151,infectious-diseases,148,Texas A&M University College Station,United States,College Station,34.8,66.5,"62,931",https://www.usnews.com/education/best-global-universities/texas-am-university-college-station-228723,,,,,
152,infectious-diseases,82,Vrije Universiteit Amsterdam,Netherlands,Amsterdam,34.7,72.3,N/A,https://www.usnews.com/education/best-global-universities/vrije-universiteit-amsterdam-500669,,,,,
153,infectious-diseases,432,Hokkaido University,Japan,Sapporo,34.1,53.6,N/A,https://www.usnews.com/education/best-global-universities/hokkaido-university-501928,,,,,
154,infectious-diseases,247,Universidade do Porto,Portugal,Porto,33.9,60.7,"33,484",https://www.usnews.com/education/best-global-universities/universidade-do-porto-505685,,,,,
155,infectious-diseases,89,University of Oslo,Norway,Oslo,33.9,71.3,N/A,https://www.usnews.com/education/best-global-universities/university-of-oslo-502680,,,,,
156,infectious-diseases,452,University of Pretoria,South Africa,Hatfied (South Africa),33.8,53.1,"36,493",https://www.usnews.com/education/best-global-universities/university-of-pretoria-501543,,,,,
157,infectious-diseases,31,New York University,United States,New York City,33.1,78.5,"36,337",https://www.usnews.com/education/best-global-universities/new-york-university-193900,,,,,
158,infectious-diseases,62,Australian National University,Australia,Canberra,32.3,73.9,"16,758",https://www.usnews.com/education/best-global-universities/australian-national-university-503825,,,,,
159,infectious-diseases,63,University of Wisconsin Madison,United States,Madison,31.7,73.8,"40,701",https://www.usnews.com/education/best-global-universities/university-of-wisconsin-madison-240444,,,,,
160,infectious-diseases,385,Wayne State University,United States,Detroit,31,54.9,N/A,https://www.usnews.com/education/best-global-universities/wayne-state-university-172644,,,,,
161,infectious-diseases,300,University of Genoa,Italy,Genoa,30.7,58.2,"20,263",https://www.usnews.com/education/best-global-universities/university-of-genoa-503778,,,,,
162,infectious-diseases,930,University of Gondar,Ethiopia,Gondar,30.7,40.2,N/A,https://www.usnews.com/education/best-global-universities/university-of-gondar-529442,,,,,
163,infectious-diseases,261,University of Southern Denmark,Denmark,Odense,30.7,60.1,N/A,https://www.usnews.com/education/best-global-universities/university-of-southern-denmark-500382,,,,,
164,infectious-diseases,122,University of Bologna,Italy,Bologna,30.5,68.3,N/A,https://www.usnews.com/education/best-global-universities/university-of-bologna-502210,,,,,
165,infectious-diseases,203,University of Cincinnati,United States,Cincinnati,30.5,62.8,N/A,https://www.usnews.com/education/best-global-universities/university-of-cincinnati-201885,,,,,
166,infectious-diseases,907,University of Ghana,Ghana,Legon,30.4,40.8,N/A,https://www.usnews.com/education/best-global-universities/university-of-ghana-529375,,,,,
167,infectious-diseases,125,Sapienza University Rome,Italy,Rome,30.2,68,"74,149",https://www.usnews.com/education/best-global-universities/sapienza-university-rome-506550,,,,,
168,infectious-diseases,324,University of Georgia,United States,"Athens (Georgia, U.S.)",29.9,57.3,N/A,https://www.usnews.com/education/best-global-universities/university-of-georgia-139959,,,,,
169,infectious-diseases,860,Southern Medical University - China,China,Guangzhou,29.8,41.8,N/A,https://www.usnews.com/education/best-global-universities/southern-medical-university-china-529257,,,,,
170,infectious-diseases,265,Yeshiva University,United States,New York City,29.8,59.9,N/A,https://www.usnews.com/education/best-global-universities/yeshiva-university-197708,,,,,
171,infectious-diseases,292,Yonsei University,South Korea,Seoul,29.3,58.8,N/A,https://www.usnews.com/education/best-global-universities/yonsei-university-503801,,,,,
172,infectious-diseases,368,Shandong University,China,Jinan,28.4,55.4,N/A,https://www.usnews.com/education/best-global-universities/shandong-university-505166,,,,,
173,infectious-diseases,292,Vrije Universiteit Brussel,Belgium,Elsene,28.4,58.8,"14,284",https://www.usnews.com/education/best-global-universities/vrije-universiteit-brussel-504942,,,,,
174,infectious-diseases,959,Charles Darwin University,Australia,Casuarina,28.2,39.7,N/A,https://www.usnews.com/education/best-global-universities/charles-darwin-university-528963,,,,,
175,infectious-diseases,341,Universite Claude Bernard Lyon 1,France,Villeurbanne,27.6,56.5,"28,253",https://www.usnews.com/education/best-global-universities/universite-claude-bernard-lyon-1-500870,,,,,
176,infectious-diseases,209,Central South University,China,Changsha,27.5,62.5,"56,344",https://www.usnews.com/education/best-global-universities/central-south-university-501467,,,,,
177,infectious-diseases,180,University of Iowa,United States,Iowa City,26.8,64,"29,257",https://www.usnews.com/education/best-global-universities/university-of-iowa-153658,,,,,
178,infectious-diseases,170,University of Rochester,United States,Rochester,26.8,64.8,"10,364",https://www.usnews.com/education/best-global-universities/university-of-rochester-195030,,,,,
179,infectious-diseases,215,University of Ottawa,Canada,Ottawa,26.5,62.2,"36,670",https://www.usnews.com/education/best-global-universities/university-of-ottawa-499972,,,,,
180,infectious-diseases,55,Ohio State University,United States,Columbus,26,74.4,"55,814",https://www.usnews.com/education/best-global-universities/ohio-state-university-204796,,,,,
181,infectious-diseases,304,Sichuan University,China,Chengdu,25.9,58.1,"49,543",https://www.usnews.com/education/best-global-universities/sichuan-university-506145,,,,,
182,infectious-diseases,84,Pennsylvania State University,United States,University Park,25.8,71.9,"46,863",https://www.usnews.com/education/best-global-universities/pennsylvania-state-university-214777,,,,,
183,infectious-diseases,202,Universidade de Lisboa,Portugal,Lisbon,25.8,62.9,"48,404",https://www.usnews.com/education/best-global-universities/universidade-de-lisboa-501120,,,,,
184,infectious-diseases,450,Tulane University,United States,New Orleans,25.6,53.2,"11,220",https://www.usnews.com/education/best-global-universities/tulane-university-160755,,,,,
185,infectious-diseases,"1,106",Uniformed Services University of the Health Sciences - USA,United States,Bethesda,25.6,36.4,N/A,https://www.usnews.com/education/best-global-universities/uniformed-services-university-of-the-health-sciences-usa-528993,,,,,
186,infectious-diseases,948,Universidad Peruana Cayetano Heredia,Peru,Lima,24.8,39.9,N/A,https://www.usnews.com/education/best-global-universities/universidad-peruana-cayetano-heredia-529357,,,,,
187,infectious-diseases,178,University of Freiburg,Germany,Freiburg,24.4,64.1,N/A,https://www.usnews.com/education/best-global-universities/university-of-freiburg-503940,,,,,
188,infectious-diseases,167,University of Utah,United States,Salt Lake City,24.4,65.4,"30,967",https://www.usnews.com/education/best-global-universities/university-of-utah-230764,,,,,
189,infectious-diseases,441,University of Saskatchewan,Canada,Saskatoon,24,53.4,"17,741",https://www.usnews.com/education/best-global-universities/university-of-saskatchewan-499969,,,,,
190,infectious-diseases,209,University of Turin,Italy,Turin,24,62.5,"58,463",https://www.usnews.com/education/best-global-universities/university-of-turin-502528,,,,,
191,infectious-diseases,250,University of Illinois Chicago,United States,Chicago,23.6,60.6,N/A,https://www.usnews.com/education/best-global-universities/university-of-illinois-chicago-145600,,,,,
192,infectious-diseases,226,Universiti Malaya,Malaysia,Kuala Lumpur,23.4,61.6,"18,320",https://www.usnews.com/education/best-global-universities/universiti-malaya-501730,,,,,
193,infectious-diseases,487,Universidade Nova de Lisboa,Portugal,Lisbon,23.3,51.7,"20,996",https://www.usnews.com/education/best-global-universities/universidade-nova-de-lisboa-506121,,,,,
194,infectious-diseases,653,Universite Paris-Est-Creteil-Val-de-Marne (UPEC),France,Creteil,23.2,46.8,N/A,https://www.usnews.com/education/best-global-universities/universite-paris-est-creteil-val-de-marne-upec-528863,,,,,
195,infectious-diseases,547,Chulalongkorn University,Thailand,Bangkok,23.1,49.8,"34,095",https://www.usnews.com/education/best-global-universities/chulalongkorn-university-505636,,,,,
196,infectious-diseases,263,Sungkyunkwan University (SKKU),South Korea,Seoul,23,60,"23,399",https://www.usnews.com/education/best-global-universities/sungkyunkwan-university-skku-500193,,,,,
197,infectious-diseases,250,University of Florence,Italy,Florence,22.9,60.6,N/A,https://www.usnews.com/education/best-global-universities/university-of-florence-501033,,,,,
198,infectious-diseases,520,University of Sevilla,Spain,Seville,22.7,50.5,"49,155",https://www.usnews.com/education/best-global-universities/university-of-sevilla-502822,,,,,
199,infectious-diseases,"1,002",Universidade Federal da Bahia,Brazil,Cruz Das Almas,22.3,38.7,N/A,https://www.usnews.com/education/best-global-universities/universidade-federal-da-bahia-528977,,,,,
200,infectious-diseases,486,Rush University,United States,Chicago,22.1,51.8,N/A,https://www.usnews.com/education/best-global-universities/rush-university-148511,,,,,
